subjectid,description
0,Maths - Data and Statistics - Scatter Diagram - Data Representation
1,Maths - Geometry and Measure - 2D Pythagoras - Pythagoras
2,Maths - Geometry and Measure - Angles - Angles in Triangles
3,Maths - Geometry and Measure - Circles - Circumference
4,Maths - Geometry and Measure - Angles - Basic Angle Facts (straight line  opposite  around a point  etc)
5,Maths - Algebra - Substitution into Formula - Formula
6,Maths - Number - Rounding and Estimating - Rounding to Decimal Places
7,Maths - Algebra - Writing and Simplifying Expressions - Writing Expressions
8,Maths - Geometry and Measure - Circles - Parts of a Circle
9,Maths - Algebra - Writing and Simplifying Expressions - Simplifying Expressions by Collecting Like Terms
10,Maths - Data and Statistics - Box Plots - Data Representation
11,Maths - Number - Upper and Lower Bounds - Rounding and Estimating
12,Maths - Algebra - Expanding Double Brackets - Expanding Brackets
13,Maths - Algebra - Factorising into a Single Bracket - Factorising
14,Maths - Algebra - Writing and Simplifying Expressions - Multiplying Terms - Dividing Terms
15,Maths - Geometry and Measure - Circles - Area of a Circle
16,Maths - Algebra - Writing and Simplifying Expressions - Dividing Terms
17,Maths - Algebra - Writing and Simplifying Expressions - Writing Expressions - Multiplying Terms
18,Maths - Number - Rounding and Estimating - Rounding to Significant Figures
19,Maths - Data and Statistics - Data Collection - Types of Data and Questionnaires
20,Maths - Geometry and Measure - Angles - Basic Angle Facts (straight line  opposite  around a point  etc) - Angles in Triangles
21,Maths - Data and Statistics - Data Collection - Data Collection-Others
22,Maths - Data and Statistics - Averages and Range from Grouped Data - Data Processing
23,Maths - Algebra - Expanding Single Brackets - Expanding Brackets
24,Maths - Data and Statistics - Pictogram - Data Representation
25,Maths - Geometry and Measure - Nets - 3D Shapes
26,Maths - Number - Decimals - Multiplying and Dividing with Decimals
27,Maths - Number - Percentages - Percentage Increase and Decrease
28,Maths - Number - Factors  Multiples and Primes - Prime Numbers and Prime Factors
29,Maths - Number - Decimals - Ordering Decimals
30,Maths - Number - Decimals - Negative Numbers - Basic Arithmetic - Place Value - Ordering Negative Numbers - Ordering Decimals
31,Maths - Number - Basic Arithmetic - Written Multiplication
32,Maths - Number - Negative Numbers - Adding and Subtracting Negative Numbers
33,Maths - Algebra - Sequences - Other Sequences
34,Maths - Algebra - Sequences - Linear Sequences (nth term)
35,Maths - Algebra - Co-ordinates - Midpoint Between Two Co-ordinates
36,Maths - Data and Statistics - Probability of Single Events - Probability
37,Maths - Number - Fractions - Multiplying Fractions
38,Maths - Number - Indices  Powers and Roots - Square Roots  Cube Roots  etc
39,Maths - Number - Fractions - Ordering Fractions
40,Maths - Number - Fractions - Fractions of an Amount
41,Maths - Algebra - Straight Line Graphs - Plotting Lines from Tables of Values
42,Maths - Number - Percentages - Percentages of an Amount - Percentage Increase and Decrease
43,Maths - Number - Percentages - Percentages of an Amount
44,Maths - Geometry and Measure - Area of Simple Shapes - Perimeter and Area
45,Maths - Number - Fractions  Decimals and Percentage Equivalence - Converting between Fractions and Decimals - Converting between Fractions and Percentages - Converting between Decimals and Percentages
46,Maths - Algebra - Straight Line Graphs - Co-ordinates - Finding the Equation of a Line - Gradient Between Two Co-ordinates
47,Maths - Algebra - Quadratic Graphs - Plotting Quadratics from Tables of Values
48,Maths - Number - Negative Numbers - Ordering Negative Numbers
49,Maths - Data and Statistics - Probability - Tree Diagrams with Independent Events
50,Maths - Number - Fractions  Decimals and Percentage Equivalence - Converting between Fractions and Decimals
51,Maths - Algebra - Inequalities - Solving Linear Inequalities
52,Maths - Number - Indices  Powers and Roots - Squares  Cubes  etc
53,Maths - Number - Money - Currency Conversions
54,Maths - Geometry and Measure - Circles - Sectors of a Circle
55,Maths - Data and Statistics - Tree Diagrams with Dependent Events - Probability
56,Maths - Number - Fractions - Converting Mixed Number and Improper Fractions
57,Maths - Number - Fractions - Adding and Subtracting Fractions
58,Maths - Number - Basic Arithmetic - Place Value
59,Maths - Number - BIDMAS - Basic Arithmetic
60,Maths - Number - Indices  Powers and Roots - Standard Form
61,Maths - Number - Negative Numbers - Multiplying and Dividing Negative Numbers
62,Maths - Number - Factors  Multiples and Primes - Multiples and Lowest Common Multiple
63,Maths - Number - Basic Arithmetic - Mental Multiplication and Division
64,Maths - Algebra - Rearranging Formula and Equations - Formula
65,Maths - Geometry and Measure - Plans and Elevations - 3D Shapes
66,Maths - Algebra - Linear Equations - Solving Equations
67,Maths - Geometry and Measure - Perimeter and Area - Compound Area
68,Maths - Number - Fractions  Decimals and Percentage Equivalence - Converting between Fractions and Percentages
69,Maths - Number - Fractions  Decimals and Percentage Equivalence - Converting between Fractions and Decimals - Converting between Decimals and Percentages
70,Maths - Algebra - Inequalities - Inequalities on Number Lines
71,Maths - Algebra - Quadratic Graphs - Sketching from Factorised Form
72,Maths - Data and Statistics - Probability - Combined Events
73,Maths - Number - Indices  Powers and Roots - Laws of Indices
74,Maths - Algebra - Quadratic Graphs - Graphical Solution of Quadratic Equations
75,Maths - Geometry and Measure - Perimeter - Perimeter and Area
76,Maths - Geometry and Measure - Rotation - Transformations
77,Maths - Number - Proportion - Direct Proportion
78,Maths - Geometry and Measure - Angles - Angle Facts with Parallel Lines
79,Maths - Number - Fractions  Decimals and Percentage Equivalence - Converting between Fractions and Percentages - Converting between Decimals and Percentages
80,Maths - Number - Factors  Multiples and Primes - Factors and Highest Common Factor
81,Maths - Number - Fractions - Simplifying Fractions
82,Maths - Data and Statistics - Averages (mean  median  mode) from a List of Data - Data Processing
83,Maths - Number - Ratio - Sharing in a Ratio
84,Maths - Algebra - Straight Line Graphs - Finding the Gradient and Intercept of a Line from the Equation
85,Maths - Geometry and Measure - Compound Measures - Speed  Distance  Time
86,Maths - Number - Ratio - Simplifying and Equivalent Ratios
87,Maths - Geometry and Measure - Properties of Quadrilaterals - 2D Names and Properties of Shapes
88,Maths - Algebra - Co-ordinates - Distance Between Two Co-ordinates
89,Maths - Number - Fractions  Decimals and Percentage Equivalence - Converting between Fractions and Decimals - Converting between Fractions and Percentages
90,Maths - Number - Fractions - Equivalent Fractions
91,Maths - Geometry and Measure - Enlargement - Transformations
92,Maths - Number - Basic Arithmetic - Mental Addition and Subtraction - Mental Multiplication and Division
93,Maths - Algebra - Straight Line Graphs - Finding the Gradient and Intercept of a Line from the Equation - Parallel Lines
94,Maths - Geometry and Measure - Units of Measurement - Volume and Capacity Units
95,Maths - Number - Fractions  Decimals and Percentage Equivalence - Converting between Decimals and Percentages
96,Maths - Geometry and Measure - Translation and Vectors - Transformations
97,Maths - Algebra - Straight Line Graphs - Linear Equations - Solving Equations - Graphical Solution of Simultaneous Equations
98,Maths - Geometry and Measure - Basic Trigonometry - Right-angled Triangles (SOHCAHTOA)
99,Maths - Data and Statistics - Experimental Probability and Relative Frequency - Probability
100,Maths - Geometry and Measure - Angles - Angles in Polygons
101,Maths - Algebra - Co-ordinates - Naming Co-ordinates in 2D
102,Maths - Algebra - Straight Line Graphs - Finding the Equation of a Line
103,Maths - Algebra - Sequences - Quadratic Sequences
104,Maths - Algebra - Factorising into a Double Bracket - Factorising
105,Maths - Number - Basic Arithmetic - Mental Addition and Subtraction
106,Maths - Geometry and Measure - Volume and Surface Area - Volume of Prisms
107,Maths - Geometry and Measure - Reflection - Transformations
108,Maths - Algebra - Straight Line Graphs - Horizontal and Vertical Lines
109,Maths - Geometry and Measure - Units of Measurement - Length Units
110,Maths - Geometry and Measure - Perimeter and Area - Missing Lengths
111,Maths - Number - Ratio - Find Missing Quantities
112,Maths - Number - Fractions - Dividing Fractions
113,Maths - Geometry and Measure - Units of Measurement - Time
114,Maths - Data and Statistics - Block Graphs and Bar Charts - Data Representation
115,Maths - Number - Basic Money - Money
116,Maths - Geometry and Measure - Units of Measurement - Area Units
117,Maths - Number - Basic Arithmetic - Written Addition
118,Maths - Number - Factors  Multiples and Primes - Factors and Highest Common Factor - Multiples and Lowest Common Multiple
119,Maths - Number - Basic Arithmetic - Written Division
120,Maths - Geometry and Measure - Units of Measurement - Weight Units
121,Maths - Number - Basic Arithmetic - Written Addition - Written Subtraction
122,Maths - Number - Rounding and Estimating - Rounding to the Nearest Whole (10  100  etc)
123,Maths - Number - Basic Arithmetic - Written Subtraction
124,Maths - Number - Decimals - Adding and Subtracting with Decimals
125,Maths - Number - Factors  Multiples and Primes - Factors and Highest Common Factor - Prime Numbers and Prime Factors
126,Maths - Number - Ratio - Writing Ratios
127,Maths - Number - Rounding and Estimating - Basic Arithmetic - Place Value - Rounding to the Nearest Whole (10  100  etc)
128,Maths - Number - Negative Numbers - Ordering Negative Numbers - Adding and Subtracting Negative Numbers - Multiplying and Dividing Negative Numbers
129,Maths - Number - Decimals - Rounding and Estimating - Rounding to Significant Figures - Multiplying and Dividing with Decimals
130,Maths - Number - Basic Arithmetic - Place Value - Mental Multiplication and Division
131,Maths - Number - BIDMAS - Basic Arithmetic - Mental Multiplication and Division
132,Maths - Number - Surds - Simplifying Surds - Operations with Surds
133,Maths - Number - Factors  Multiples and Primes - Multiples and Lowest Common Multiple - Prime Numbers and Prime Factors
134,Maths - Number - Decimals - Rounding and Estimating - Rounding to the Nearest Whole (10  100  etc) - Rounding to Decimal Places - Rounding to Significant Figures - Ordering Decimals
135,Maths - Geometry and Measure - Basic Vectors - Add and Subtract Vectors - Vector Geometry
136,Maths - Number - Decimals - Ordering Decimals - Multiplying and Dividing with Decimals
137,Maths - Number - BIDMAS - Indices  Powers and Roots - Basic Arithmetic - Squares  Cubes  etc
138,Maths - Number - Rounding and Estimating - Basic Arithmetic - Place Value - Rounding to the Nearest Whole (10  100  etc) - Estimation
139,Maths - Geometry and Measure - Basic Vectors - Vector Geometry
140,Maths - Algebra - Expanding Brackets - Expanding Triple Brackets and more
141,Maths - Algebra - Algebraic Fractions - Simplifying Algebraic Fractions
142,Maths - Geometry and Measure - Similarity and Congruency - Length  Area and Volume Scale Factors
143,Maths - Number - Surds - Simplifying Surds
144,Maths - Algebra - Straight Line Graphs - Graphical Solution of Simultaneous Equations
145,Maths - Geometry and Measure - Congruency in Triangles - Similarity and Congruency
146,Maths - Algebra - Straight Line Graphs - Perpendicular Lines
147,Maths - Number - Basic Arithmetic - Systematic Listing Strategies
148,Maths - Algebra - Quadratic Graphs - Sketching from Completing the Square Form
149,Maths - Data and Statistics - Histogram - Data Representation
150,Maths - Algebra - Simultaneous Equations - Solving Equations
151,Maths - Algebra - Other Graphs - Equation of a Circle
152,Maths - Algebra - Writing and Simplifying Expressions - Algebraic Proof
153,Maths - Algebra - Writing and Simplifying Expressions - Multiplying Terms
154,Maths - Algebra - Cubics and Reciprocals - Other Graphs
155,Maths - Data and Statistics - Probability - Probability with Venn Diagrams
156,Maths - Algebra - Other Graphs - Other Graphs-Others
157,Maths - Geometry and Measure - Length Scale Factors in Similar Shapes - Similarity and Congruency
158,Maths - Data and Statistics - Data Processing - Averages and Range from Frequency Table
159,Maths - Data and Statistics - Time Series and Line Graphs - Data Representation
160,Maths - Advanced Pure - Functions - Composite Functions
161,Maths - Geometry and Measure - Basic Trigonometry - Area of Non Right-angled Triangles
162,Maths - Algebra - Other Graphs - Graphs of Exponentials and Other Powers of x
163,Maths - Algebra - Real Life Graphs - Other Graphs
164,Maths - Algebra - Co-ordinates - Gradient Between Two Co-ordinates
165,Maths - Advanced Pure - Functions - Function Notation
166,Maths - Number - Negative Numbers - Adding and Subtracting Negative Numbers - Multiplying and Dividing Negative Numbers
167,Maths - Data and Statistics - Cumulative Frequency Diagram - Data Representation
168,Maths - Algebra - Straight Line Graphs - Co-ordinate Geometry with Straight Lines
169,Maths - Geometry and Measure - Compound Measures - Density
170,Maths - Data and Statistics - Data Representation - Frequency Trees
171,Maths - Geometry and Measure - Basic Trigonometry - Exact Values of Trigonometric Ratios
172,Maths - Data and Statistics - Data Processing - Range and Interquartile Range from a List of Data
173,Maths - Geometry and Measure - Angles - Circle Theorems
174,Maths - Algebra - Algebraic Fractions - Adding and Subtracting Algebraic Fractions
175,Maths - Geometry and Measure - Angles - Bearings
176,Maths - Algebra - Formula - Writing Formula
177,Maths - Geometry and Measure - Basic Trigonometry - Non Right-angled Triangles (Sine and Cosine Rules)
178,Maths - Geometry and Measure - Volume and Surface Area - Surface Area of Prisms
179,Maths - Algebra - Transformation of Functions - Transformation of Functions-Others
180,Maths - Geometry and Measure - Basic Vectors - Add and Subtract Vectors
181,Maths - Number - Proportion - Indirect (Inverse) Proportion
182,Maths - Advanced Pure - Functions - Inverse Functions
183,Maths - Algebra - Quadratic Equations - Solving Equations
184,Maths - Algebra - Factorising - Difference of Two Squares
185,Maths - Algebra - Inequalities - Solving Quadratic Inequalities
186,Maths - Algebra - Factorising - Completing the Square
187,Maths - Geometry and Measure - 3D Shapes - Names and Properties of 3D Shapes
188,Maths - Data and Statistics - Data Collection - Tally Charts
189,Maths - Data and Statistics - Data Representation - Venn Diagrams - Probability - Probability with Venn Diagrams
190,Maths - Geometry and Measure - Construction  Loci and Scale Drawing - Loci Scenarios
191,Maths - Data and Statistics - Data Representation - Venn Diagrams
192,Maths - Data and Statistics - Two Way Tables - Data Representation
193,Maths - Geometry and Measure - Congruency in Triangles - Similarity and Congruency - Congruency in Other Shapes
194,Maths - Data and Statistics - Pie Chart - Data Representation
195,Maths - Data and Statistics - Stem and Leaf Diagram - Data Representation
196,Maths - Geometry and Measure - Symmetry - Line Symmetry
197,Maths - Geometry and Measure - Angles - Measuring Angles
198,Maths - Geometry and Measure - Construction  Loci and Scale Drawing - Construct Triangle
199,Maths - Number - Ratio - Scale Drawing and Maps
200,Maths - Geometry and Measure - Length Scale Factors in Similar Shapes - Enlargement - Similarity and Congruency - Transformations
201,Maths - Geometry and Measure - Angles - Congruency in Triangles - Similarity and Congruency - Angles in Triangles
202,Maths - Geometry and Measure - Symmetry - Rotational Symmetry
203,Maths - Geometry and Measure - Construction  Loci and Scale Drawing - Construct Angle and Line Bisectors
204,Maths - Number - Calculator Use - Basic Calculator Use
205,Maths - Geometry and Measure - Types  Naming and Estimating - Angles
206,Maths - Geometry and Measure - Properties of Polygons - 2D Names and Properties of Shapes
207,Maths - Geometry and Measure - 2D Names and Properties of Shapes - Properties of Triangles
208,Maths - Geometry and Measure - Volume and Surface Area - Surface Area of Non-Prisms
209,Maths - Geometry and Measure - Angles - Length Scale Factors in Similar Shapes - Angle Facts with Parallel Lines - Similarity and Congruency
210,Maths - Number - Calculator Use - Advanced Calculator Use
211,Maths - Geometry and Measure - Volume and Surface Area - Volume of Non-Prisms
212,Maths - Geometry and Measure - Units of Measurement - Units of Measurement-Others
213,Maths - Geometry and Measure - Compound Measures - Pressure
214,Maths - Geometry and Measure - Perimeter - Length Scale Factors in Similar Shapes - Enlargement - Perimeter and Area - Similarity and Congruency - Transformations
215,Maths - Geometry and Measure - Units of Measurement - Temperature units
216,Maths - Algebra - Quadratic Graphs - Quadratic Equations - Solving Equations - Graphical Solution of Quadratic Equations
217,Maths - Algebra - Straight Line Graphs - Other Graphs - Equation of a Circle - Perpendicular Lines
218,Maths - Algebra - Trial and Improvement and Iterative Methods - Solving Equations
219,Maths - Algebra - Straight Line Graphs - Other Graphs - Equation of a Circle - Graphical Solution of Simultaneous Equations
220,Maths - Data and Statistics - Averages (mean  median  mode) from a List of Data - Data Processing - Range and Interquartile Range from a List of Data
221,Maths - Algebra - Expanding Single Brackets - Writing and Simplifying Expressions - Expanding Brackets - Simplifying Expressions by Collecting Like Terms
222,Maths - Geometry and Measure - Similarity and Congruency - Congruency in Other Shapes
223,Maths - Algebra - Graphs of Trigonometric Functions - Other Graphs
224,Maths - Geometry and Measure - 3D Shapes - Isometric Drawings
225,Maths - Number - Percentages - Repeated Percentages and Compound Interest
226,Maths - Algebra - Cubics and Reciprocals - Transformation of Functions - Other Graphs - Transformations of functions in the form y =
227,Maths - Number - Rounding and Estimating - Rounding to Significant Figures - Estimation
228,Maths - Algebra - Solving Equations - Function Machines
229,Maths - Data and Statistics - Data Processing - Interpreting and Comparing Data using Averages and Range
230,Maths - Algebra - Writing and Simplifying Expressions - Linear Equations - Writing Expressions - Solving Equations
231,Maths - Geometry and Measure - Compound Measures - Speed  Distance  Time - Physics - Forces and Motion - Speed and Distance-Time graphs - Science
232,Maths - Number - Algebra - Real Life Graphs - Other Graphs - Money - Currency Conversions
233,Maths - Algebra - Linear Equations - Solving Equations - Function Machines
234,Maths - Number - Ratio - Geometry and Measure - Construction  Loci and Scale Drawing - Units of Measurement - Length Units - Construction  Loci and Scale Drawing-Others - Scale Drawing and Maps
235,Maths - Algebra - Factorising into a Single Bracket - Writing and Simplifying Expressions - Writing Expressions - Geometry and Measure - Perimeter - Factorising - Perimeter and Area
236,Maths - Geometry and Measure - Area of Simple Shapes - Perimeter - Perimeter and Area
237,Maths - Number - Rounding and Estimating - Estimation
238,Maths - Algebra - Writing and Simplifying Expressions - Linear Equations - Solving Equations - Simplifying Expressions by Collecting Like Terms
239,Maths - Algebra - Writing and Simplifying Expressions - Writing Expressions - Simplifying Expressions by Collecting Like Terms
240,Maths - Number - Decimals - Fractions - Multiplying and Dividing with Decimals - Fractions of an Amount - Multiplying Fractions - Dividing Fractions
241,Maths - Algebra - Rearranging Formula and Equations - Substitution into Formula - Formula
242,Maths - Number - BIDMAS - Algebra - Substitution into Formula - Basic Arithmetic - Formula
243,Maths - Number - Fractions  Decimals and Percentage Equivalence - Recurring Decimals to Fractions
244,Maths - Algebra - Linear Equations - Substitution into Formula - Geometry and Measure - Solving Equations - Formula - 2D Names and Properties of Shapes - Properties of Triangles
245,Maths - Algebra - Writing and Simplifying Expressions - Dividing Terms - Algebraic Fractions - Simplifying Algebraic Fractions
246,Maths - Number - Rounding and Estimating - Basic Arithmetic - Mental Multiplication and Division - Rounding to the Nearest Whole (10  100  etc) - Estimation
247,Maths - Number - Surds - Rationalising the Denominator
248,Maths - Number - Surds - Operations with Surds
249,Maths - Geometry and Measure - 3D Pythagoras - Pythagoras
250,Maths - Number - Percentages - Reverse Percentages (Original Amount)
251,Maths - Number - Decimals - Fractions  Decimals and Percentage Equivalence - Percentages - Multiplying and Dividing with Decimals - Percentages of an Amount - Percentage Increase and Decrease - Converting between Decimals and Percentages
252,Maths - Number - Indices  Powers and Roots - Basic Arithmetic - Mental Addition and Subtraction - Squares  Cubes  etc
253,Maths - Number - Indices  Powers and Roots - Algebra - Writing and Simplifying Expressions - Laws of Indices - Multiplying Terms - Dividing Terms
254,Maths - Number - Fractions - Negative Numbers - Multiplying and Dividing Negative Numbers - Simplifying Fractions
255,Maths - Number - Surds - Operations with Surds - Rationalising the Denominator
256,Maths - Number - Ratio - Best Value
257,Maths - Number - Negative Numbers - Basic Arithmetic - Mental Addition and Subtraction - Adding and Subtracting Negative Numbers
258,Maths - Number - Fractions  Decimals and Percentage Equivalence - Fractions - Adding and Subtracting Fractions - Converting between Fractions and Decimals
259,Maths - Number - Fractions - Adding and Subtracting Fractions - Dividing Fractions
260,Maths - Algebra - Straight Line Graphs - Geometry and Measure - Reflection - Plotting Lines from Tables of Values - Transformations
261,Maths - Geometry and Measure - Circles - Circumference - Area of a Circle
262,Maths - Algebra - Inequalities - Graphing Linear Inequalities (Shading Regions)
263,Maths - Geometry and Measure - Perimeter - Perimeter and Area - Missing Lengths
264,Maths - Geometry and Measure - Congruency in Triangles - Properties of Quadrilaterals - 2D Names and Properties of Shapes - Similarity and Congruency
265,Maths - Algebra - Straight Line Graphs - Perpendicular Lines - Co-ordinate Geometry with Straight Lines
266,Maths - Geometry and Measure - Perimeter - 2D Names and Properties of Shapes - Properties of Triangles - Perimeter and Area
267,Maths - Algebra - Algebraic Fractions - Multiplying and Dividing Algebraic Fractions
268,Maths - Geometry and Measure - Circles - Circumference - Sectors of a Circle
269,Maths - Number - Upper and Lower Bounds - Rounding and Estimating - Rounding to Decimal Places
270,Maths - Number - Fractions  Decimals and Percentage Equivalence - Fractions - Basic Arithmetic - Place Value - Simplifying Fractions - Converting between Fractions and Decimals
271,Maths - Geometry and Measure - 3D Pythagoras - Volume and Surface Area - Pythagoras - Volume of Non-Prisms
272,Maths - Number - Factors  Multiples and Primes - Basic Arithmetic - Mental Multiplication and Division - Factors and Highest Common Factor - Prime Numbers and Prime Factors
273,Maths - Geometry and Measure - Angles - Basic Angle Facts (straight line  opposite  around a point  etc) - Angle Facts with Parallel Lines
274,Maths - Algebra - Rearranging Formula and Equations - Geometry and Measure - Volume and Surface Area - Formula - Volume of Non-Prisms
275,Maths - Number - Indices  Powers and Roots - Basic Arithmetic - Place Value - Squares  Cubes  etc
276,Maths - Geometry and Measure - Perimeter - 2D Pythagoras - Perimeter and Area - Pythagoras
277,Maths - Number - Surds - Simplifying Surds - Operations with Surds - Rationalising the Denominator
278,Maths - Number - Indices  Powers and Roots - Squares  Cubes  etc - Square Roots  Cube Roots  etc - Laws of Indices
279,Maths - Data and Statistics - Averages (mean  median  mode) from a List of Data - Block Graphs and Bar Charts - Data Processing - Data Representation
280,Maths - Number - Decimals - Fractions  Decimals and Percentage Equivalence - Fractions - Adding and Subtracting with Decimals - Adding and Subtracting Fractions - Converting between Fractions and Decimals
281,Maths - Geometry and Measure - Combined Transformations - Transformations
282,Maths - Number - Ratio - Algebra - Co-ordinates - Sharing in a Ratio - Midpoint Between Two Co-ordinates
283,Maths - Algebra - Straight Line Graphs - Simultaneous Equations - Solving Equations - Graphical Solution of Simultaneous Equations
284,Maths - Number - Fractions - Adding and Subtracting Fractions - Multiplying Fractions
285,Maths - Number - Decimals - Fractions - Percentages - Algebra - Inequalities - Inequalities on Number Lines - Ordering Decimals - Adding and Subtracting Fractions - Percentages of an Amount
286,Maths - Geometry and Measure - Translation and Vectors - Basic Vectors - Transformations - Basic Vectors-Others
287,Maths - Algebra - Quadratic Graphs - Transformation of Functions - Transformations of functions in the form y = - Sketching from Factorised Form
288,Maths - Number - Algebra - Inequalities - Basic Arithmetic - Inequalities on Number Lines - Mental Addition and Subtraction - Mental Multiplication and Division
289,Maths - Number - Ratio - Geometry and Measure - Construction  Loci and Scale Drawing - Similarity and Congruency - Length  Area and Volume Scale Factors - Construction  Loci and Scale Drawing-Others - Scale Drawing and Maps
290,Maths - Number - Fractions  Decimals and Percentage Equivalence - Fractions - Ordering Fractions - Converting between Fractions and Decimals
291,Maths - Number - Fractions - Data and Statistics - Probability of Single Events - Adding and Subtracting Fractions - Probability
292,Maths - Number - Fractions  Decimals and Percentage Equivalence - Negative Numbers - Ordering Negative Numbers - Converting between Fractions and Decimals
293,Maths - Number - Proportion - Geometry and Measure - Units of Measurement - Length Units - Direct Proportion
294,Maths - Number - Ratio - Geometry and Measure - Construction  Loci and Scale Drawing - Length Scale Factors in Similar Shapes - Similarity and Congruency - Construction  Loci and Scale Drawing-Others - Scale Drawing and Maps
295,Maths - Number - Fractions  Decimals and Percentage Equivalence - Percentages - Percentages of an Amount - Converting between Fractions and Percentages
296,Maths - Algebra - Linear Equations - Geometry and Measure - Angles - Solving Equations - Angle Facts with Parallel Lines
297,Maths - Number - Ratio - Geometry and Measure - Construction  Loci and Scale Drawing - Construction  Loci and Scale Drawing-Others - Scale Drawing and Maps
298,Maths - Geometry and Measure - Properties of Polygons - Symmetry - 2D Names and Properties of Shapes - Line Symmetry
299,Maths - Geometry and Measure - Properties of Polygons - Properties of Quadrilaterals - 2D Names and Properties of Shapes
300,Maths - Number - Fractions - Proportion - Geometry and Measure - Units of Measurement - Volume and Capacity Units - Fractions of an Amount - Direct Proportion
301,Maths - Number - Fractions  Decimals and Percentage Equivalence - Basic Arithmetic - Place Value - Converting between Fractions and Decimals
302,Maths - Number - Negative Numbers - Basic Arithmetic - Place Value - Ordering Negative Numbers
303,Maths - Geometry and Measure - Similarity and Congruency - Similarity and Congruency-Others
304,Maths - Algebra - Real Life Graphs - Geometry and Measure - Compound Measures - Other Graphs - Speed  Distance  Time
305,Maths - Algebra - Sequences - Linear Sequences (nth term) - Other Sequences
306,Maths - Geometry and Measure - Properties of Polygons - Symmetry - 2D Names and Properties of Shapes - Rotational Symmetry
307,Maths - Number - Decimals - Negative Numbers - Ordering Negative Numbers - Ordering Decimals
308,Maths - Number - Fractions - Basic Arithmetic - Place Value - Simplifying Fractions
309,Maths - Geometry and Measure - Compound Measures - Units of Measurement - Length Units - Speed  Distance  Time
310,Maths - Algebra - Quadratic Graphs - Transformation of Functions - Transformations of functions in the form y = - Quadratic Graphs-Others
311,Maths - Geometry and Measure - Angles - Basic Angle Facts (straight line  opposite  around a point  etc) - Angles in Polygons
312,Maths - Algebra - Straight Line Graphs - Parallel Lines
313,Maths - Geometry and Measure - 2D Pythagoras - Basic Trigonometry - Pythagoras - Right-angled Triangles (SOHCAHTOA)
314,Maths - Number - Indices  Powers and Roots - Algebra - Writing and Simplifying Expressions - Laws of Indices - Simplifying Expressions by Collecting Like Terms
315,Maths - Algebra - Writing and Simplifying Expressions - Writing Expressions - Simplifying Expressions by Collecting Like Terms - Dividing Terms
316,Maths - Number - Indices  Powers and Roots - Algebra - Writing and Simplifying Expressions - Writing Expressions - Laws of Indices - Simplifying Expressions by Collecting Like Terms
317,Maths - Number - Proportion - Ratio - Direct Proportion - Scale Drawing and Maps
318,Maths - Number - Fractions  Decimals and Percentage Equivalence - Fractions - Negative Numbers - Ordering Negative Numbers - Equivalent Fractions - Converting between Decimals and Percentages
319,Maths - Number - Indices  Powers and Roots - Algebra - Writing and Simplifying Expressions - Laws of Indices - Simplifying Expressions by Collecting Like Terms - Multiplying Terms
320,Maths - Number - Rounding and Estimating - Rounding to Decimal Places - Rounding to Significant Figures
321,Maths - Number - Basic Arithmetic - Roman Numerals
322,Maths - Data and Statistics - Sampling and Bias - Data Processing
323,Maths - Data and Statistics - Data Representation - Frequency Diagram and Frequency Polygon
324,Maths - Data and Statistics - Cumulative Frequency Diagram - Histogram - Pie Chart - Stem and Leaf Diagram - Data Representation
325,Maths - Data and Statistics - Block Graphs and Bar Charts - Data Processing - Averages and Range from Frequency Table - Data Representation
326,Maths - Geometry and Measure - Symmetry - 3D Plane Symmetry
327,Maths - Number - Ratio - Geometry and Measure - Units of Measurement - Weight Units - Simplifying and Equivalent Ratios
328,Maths - Geometry and Measure - Units of Measurement - Volume and Surface Area - Volume of Prisms - Length Units
329,Maths - Number - Ratio - Geometry and Measure - Area of Simple Shapes - Perimeter and Area - Simplifying and Equivalent Ratios
330,Maths - Data and Statistics - Averages (mean  median  mode) from a List of Data - Stem and Leaf Diagram - Data Processing - Data Representation
331,Maths - Algebra - Straight Line Graphs - Quadratic Graphs - Horizontal and Vertical Lines - Sketching from Factorised Form
332,Maths - Geometry and Measure - Translation and Vectors - Basic Vectors - Transformations - Vector Geometry
333,Maths - Algebra - Graphs of Trigonometric Functions - Transformation of Functions - Other Graphs - Transformations of functions in the form f(x)
334,Maths - Algebra - Graphs of Trigonometric Functions - Transformation of Functions - Other Graphs - Transformations of functions in the form y =
335,Maths - Algebra - Algebraic Fractions - Solving Equations with Algebraic Fractions
336,Maths - Geometry and Measure - Volume and Surface Area - Volume of Prisms - Volume of Non-Prisms
337,Maths - Algebra - Geometry and Measure - Co-ordinates - 2D Pythagoras - Pythagoras - Distance Between Two Co-ordinates
338,Maths - Geometry and Measure - Translation and Vectors - Basic Vectors - Transformations - Add and Subtract Vectors
339,Maths - Geometry and Measure - Units of Measurement - Length Units - Weight Units - Time
340,Maths - Number - Fractions - Fractions of an Amount - Simplifying Fractions
341,Maths - Geometry and Measure - Area of Simple Shapes - Circles - Perimeter and Area - Area of a Circle
342,Maths - Geometry and Measure - Compound Measures - Units of Measurement - Temperature units - Compound Measures-Others
343,Maths - Algebra - Factorising into a Double Bracket - Factorising - Algebraic Fractions - Simplifying Algebraic Fractions
344,Maths - Geometry and Measure - Compound Measures - Units of Measurement - Density - Units of Measurement-Others - Pressure
345,Maths - Algebra - Transformation of Functions - Transformations of functions in the form y =
346,Maths - Geometry and Measure - Length Scale Factors in Similar Shapes - Similarity and Congruency - Length  Area and Volume Scale Factors
347,Maths - Geometry and Measure - Volume and Surface Area - 3D Shapes - Surface Area of Prisms - Isometric Drawings
348,Maths - Data and Statistics - Box Plots - Data Processing - Range and Interquartile Range from a List of Data - Data Representation
349,Maths - Number - Percentages - Geometry and Measure - Units of Measurement - Time - Percentages of an Amount
350,Maths - Geometry and Measure - Reflection - Rotation - Enlargement - Translation and Vectors - Transformations
351,Maths - Algebra - Expanding Single Brackets - Substitution into Formula - Expanding Brackets - Formula
352,Maths - Data and Statistics - Tree Diagrams with Dependent Events - Probability - Combined Events
353,Maths - Number - Geometry and Measure - Units of Measurement - Basic Arithmetic - Weight Units - Place Value
354,Maths - Geometry and Measure - Plans and Elevations - Volume and Surface Area - 3D Shapes - Volume of Prisms
355,Maths - Number - Proportion - Geometry and Measure - Units of Measurement - Weight Units - Direct Proportion
356,Maths - Algebra - Writing and Simplifying Expressions - Writing Expressions - Formula - Writing Formula
357,Maths - Algebra - Straight Line Graphs - Gradient as change in y over change in x
358,Maths - Algebra - Straight Line Graphs - Finding the Equation of a Line - Gradient as change in y over change in x
359,Maths - Number - Decimals - Negative Numbers - Algebra - Inequalities - Inequalities on Number Lines - Ordering Negative Numbers - Ordering Decimals
360,Maths - Geometry and Measure - Basic Trigonometry - 3D Trigonometry
361,Maths - Data and Statistics - Probability of Single Events - Probability - Combined Events
362,Maths - Algebra - Straight Line Graphs - Parallel Lines - Perpendicular Lines
363,Maths - Algebra - Transformation of Functions - Transformations of functions in the form f(x)
364,Maths - Number - Basic Arithmetic - Counting
365,Maths - Number - Fractions - Multiplying Fractions - Dividing Fractions
366,Maths - Geometry and Measure - Volume and Surface Area - Volume and Surface Area-Others
367,Maths - Geometry and Measure - Volume and Surface Area - Surface Area of Prisms - Volume and Surface Area-Others
368,Maths - Algebra - Geometry and Measure - Other Graphs - Equation of a Circle - Similarity and Congruency - Length  Area and Volume Scale Factors
369,Maths - Number - Proportion - Direct Proportion - Indirect (Inverse) Proportion
370,Maths - Algebra - Straight Line Graphs - Co-ordinates - Gradient as change in y over change in x - Gradient Between Two Co-ordinates
371,Maths - Number - Indices  Powers and Roots - Standard Form - Data and Statistics - Averages (mean  median  mode) from a List of Data - Data Processing
372,Maths - Geometry and Measure - Volume and Surface Area - 3D Shapes - Isometric Drawings - Surface Area of Non-Prisms
373,Maths - Geometry and Measure - 2D Names and Properties of Shapes - 2D Names and Properties of Shapes-Others
374,Maths - Number - Basic Money - Percentages - Percentage Increase and Decrease - Money
375,Maths - Number - Data and Statistics - Basic Arithmetic - Probability - Combined Events - Systematic Listing Strategies
376,Maths - Algebra - Geometry and Measure - Co-ordinates - Properties of Quadrilaterals - 2D Names and Properties of Shapes - Naming Co-ordinates in 2D
377,Maths - Number - Basic Money - Percentages - Percentages of an Amount - Money
378,Maths - Number - Percentages - Geometry and Measure - Units of Measurement - Length Units - Percentages of an Amount
379,Maths - Number - Basic Money - Percentages - Repeated Percentages and Compound Interest - Money
380,Maths - Geometry and Measure - Angles - 2D Names and Properties of Shapes - Properties of Triangles - Angles in Triangles
381,Maths - Number - Decimals - Fractions  Decimals and Percentage Equivalence - Percentages - Multiplying and Dividing with Decimals - Percentage Increase and Decrease - Converting between Decimals and Percentages
382,Maths - Geometry and Measure - Volume and Surface Area - Perimeter and Area - Compound Area - Volume of Prisms
383,Maths - Algebra - Straight Line Graphs - Real Life Graphs - Other Graphs - Gradient as change in y over change in x
384,Maths - Algebra - Substitution into Formula - Geometry and Measure - Area of Simple Shapes - Formula - Perimeter and Area
385,Maths - Number - Proportion - Algebra - Real Life Graphs - Other Graphs - Indirect (Inverse) Proportion
386,Maths - Geometry and Measure - 3D Shapes - 3D Shapes-Others
387,Maths - Number - Algebra - Trial and Improvement and Iterative Methods - Rounding and Estimating - Solving Equations - Rounding to Significant Figures
388,Maths - Algebra - Solving Other Powers of x - Solving Equations
389,Maths - Algebra - Writing and Simplifying Expressions - Linear Equations - Writing Expressions - Solving Equations - Simplifying Expressions by Collecting Like Terms - Multiplying Terms
390,Maths - Number - Ratio - Simplifying and Equivalent Ratios - Writing Ratios
391,Maths - Number - Geometry and Measure - Area of Simple Shapes - Rounding and Estimating - Perimeter and Area - Rounding to Significant Figures
392,Maths - Geometry and Measure - Perimeter - Units of Measurement - Perimeter and Area - Length Units
393,Maths - Geometry and Measure - Symmetry - Symmetry-Others
394,Maths - Geometry and Measure - Angles - Properties of Quadrilaterals - 2D Names and Properties of Shapes - Angles in Polygons
395,Maths - Number - Geometry and Measure - Units of Measurement - Basic Arithmetic - Temperature units - Place Value
396,Maths - Number - Decimals - Fractions - Basic Arithmetic - Mental Addition and Subtraction - Mental Multiplication and Division - Ordering Decimals - Ordering Fractions
397,Maths - Geometry and Measure - Reflection - Translation and Vectors - Transformations
398,Maths - Algebra - Expanding Single Brackets - Linear Equations - Expanding Brackets - Solving Equations
399,Maths - Number - BIDMAS - Algebra - Writing and Simplifying Expressions - Linear Equations - Writing Expressions - Basic Arithmetic - Solving Equations
400,Maths - Algebra - Linear Equations - Geometry and Measure - Area of Simple Shapes - Properties of Quadrilaterals - Solving Equations - 2D Names and Properties of Shapes - Perimeter and Area
401,Maths - Algebra - Straight Line Graphs - Finding the Gradient and Intercept of a Line from the Equation - Perpendicular Lines
402,Maths - Number - BIDMAS - Fractions - Basic Arithmetic - Adding and Subtracting Fractions - Multiplying Fractions
403,Maths - Algebra - Quadratic Equations - Substitution into Formula - Solving Equations - Formula
404,Maths - Number - Fractions - Adding and Subtracting Fractions - Multiplying Fractions - Dividing Fractions
405,Maths - Algebra - Co-ordinates - Co-ordinates-Others
406,Maths - Algebra - Writing and Simplifying Expressions - Writing and Simplifying Expressions-Others
407,Maths - Number - Decimals - Basic Arithmetic - Place Value - Multiplying and Dividing with Decimals
408,Maths - Algebra - Straight Line Graphs - Simultaneous Equations - Solving Equations - Other Graphs - Equation of a Circle - Graphical Solution of Simultaneous Equations
409,Maths - Data and Statistics - Two Way Tables - Data Representation - Venn Diagrams
410,Maths - Number - Indices  Powers and Roots - Standard Form - Data and Statistics - Data Processing - Interpreting and Comparing Data using Averages and Range
411,Maths - Number - Factors  Multiples and Primes - Factors and Highest Common Factor - Multiples and Lowest Common Multiple - Prime Numbers and Prime Factors
