subjectid, description
3_ 101_ 115_ 342,Maths - Data and Statistics - Scatter Diagram - Data Representation
3_ 71_ 89_ 271,Maths - Geometry and Measure - 2D Pythagoras - Pythagoras
3_ 71_ 74_ 439,Maths - Geometry and Measure - Angles - Angles in Triangles
3_ 71_ 77_ 185,Maths - Geometry and Measure - Circles - Circumference
3_ 71_ 74_ 181,Maths - Geometry and Measure - Angles - Basic Angle Facts (straight line  opposite  around a point  etc)
3_ 49_ 67_ 156,Maths - Algebra - Substitution into Formula - Formula
3_ 32_ 141_ 214,Maths - Number - Rounding and Estimating - Rounding to Decimal Places
3_ 49_ 62_ 70,Maths - Algebra - Writing and Simplifying Expressions - Writing Expressions
3_ 71_ 77_ 184,Maths - Geometry and Measure - Circles - Parts of a Circle
3_ 49_ 62_ 251,Maths - Algebra - Writing and Simplifying Expressions - Simplifying Expressions by Collecting Like Terms
3_ 101_ 104_ 342,Maths - Data and Statistics - Box Plots - Data Representation
3_ 32_ 34_ 141,Maths - Number - Upper and Lower Bounds - Rounding and Estimating
3_ 49_ 51_ 152,Maths - Algebra - Expanding Double Brackets - Expanding Brackets
3_ 49_ 52_ 153,Maths - Algebra - Factorising into a Single Bracket - Factorising
3_ 49_ 62_ 252_ 253,Maths - Algebra - Writing and Simplifying Expressions - Multiplying Terms - Dividing Terms
3_ 71_ 77_ 186,Maths - Geometry and Measure - Circles - Area of a Circle
3_ 49_ 62_ 253,Maths - Algebra - Writing and Simplifying Expressions - Dividing Terms
3_ 49_ 62_ 70_ 252,Maths - Algebra - Writing and Simplifying Expressions - Writing Expressions - Multiplying Terms
3_ 32_ 141_ 215,Maths - Number - Rounding and Estimating - Rounding to Significant Figures
3_ 101_ 113_ 337,Maths - Data and Statistics - Data Collection - Types of Data and Questionnaires
3_ 71_ 74_ 181_ 439,Maths - Geometry and Measure - Angles - Basic Angle Facts (straight line  opposite  around a point  etc) - Angles in Triangles
3_ 101_ 113_ 1188,Maths - Data and Statistics - Data Collection - Data Collection-Others
3_ 101_ 103_ 338,Maths - Data and Statistics - Averages and Range from Grouped Data - Data Processing
3_ 49_ 50_ 152,Maths - Algebra - Expanding Single Brackets - Expanding Brackets
3_ 101_ 108_ 342,Maths - Data and Statistics - Pictogram - Data Representation
3_ 71_ 85_ 176,Maths - Geometry and Measure - Nets - 3D Shapes
3_ 32_ 36_ 224,Maths - Number - Decimals - Multiplying and Dividing with Decimals
3_ 32_ 44_ 234,Maths - Number - Percentages - Percentage Increase and Decrease
3_ 32_ 37_ 221,Maths - Number - Factors  Multiples and Primes - Prime Numbers and Prime Factors
3_ 32_ 36_ 222,Maths - Number - Decimals - Ordering Decimals
3_ 32_ 36_ 42_ 144_ 202_ 210_ 222,Maths - Number - Decimals - Negative Numbers - Basic Arithmetic - Place Value - Ordering Negative Numbers - Ordering Decimals
3_ 32_ 144_ 207,Maths - Number - Basic Arithmetic - Written Multiplication
3_ 32_ 42_ 211,Maths - Number - Negative Numbers - Adding and Subtracting Negative Numbers
3_ 49_ 61_ 173,Maths - Algebra - Sequences - Other Sequences
3_ 49_ 61_ 171,Maths - Algebra - Sequences - Linear Sequences (nth term)
3_ 49_ 81_ 408,Maths - Algebra - Co-ordinates - Midpoint Between Two Co-ordinates
3_ 101_ 111_ 348,Maths - Data and Statistics - Probability of Single Events - Probability
3_ 32_ 39_ 231,Maths - Number - Fractions - Multiplying Fractions
3_ 32_ 40_ 246,Maths - Number - Indices  Powers and Roots - Square Roots  Cube Roots  etc
3_ 32_ 39_ 228,Maths - Number - Fractions - Ordering Fractions
3_ 32_ 39_ 225,Maths - Number - Fractions - Fractions of an Amount
3_ 49_ 54_ 257,Maths - Algebra - Straight Line Graphs - Plotting Lines from Tables of Values
3_ 32_ 44_ 233_ 234,Maths - Number - Percentages - Percentages of an Amount - Percentage Increase and Decrease
3_ 32_ 44_ 233,Maths - Number - Percentages - Percentages of an Amount
3_ 71_ 75_ 178,Maths - Geometry and Measure - Area of Simple Shapes - Perimeter and Area
3_ 32_ 38_ 237_ 238_ 239,Maths - Number - Fractions  Decimals and Percentage Equivalence - Converting between Fractions and Decimals - Converting between Fractions and Percentages - Converting between Decimals and Percentages
3_ 49_ 54_ 81_ 259_ 409,Maths - Algebra - Straight Line Graphs - Co-ordinates - Finding the Equation of a Line - Gradient Between Two Co-ordinates
3_ 49_ 55_ 265,Maths - Algebra - Quadratic Graphs - Plotting Quadratics from Tables of Values
3_ 32_ 42_ 210,Maths - Number - Negative Numbers - Ordering Negative Numbers
3_ 101_ 348_ 350,Maths - Data and Statistics - Probability - Tree Diagrams with Independent Events
3_ 32_ 38_ 237,Maths - Number - Fractions  Decimals and Percentage Equivalence - Converting between Fractions and Decimals
3_ 49_ 59_ 166,Maths - Algebra - Inequalities - Solving Linear Inequalities
3_ 32_ 40_ 245,Maths - Number - Indices  Powers and Roots - Squares  Cubes  etc
3_ 32_ 331_ 332,Maths - Number - Money - Currency Conversions
3_ 71_ 77_ 187,Maths - Geometry and Measure - Circles - Sectors of a Circle
3_ 101_ 112_ 348,Maths - Data and Statistics - Tree Diagrams with Dependent Events - Probability
3_ 32_ 39_ 229,Maths - Number - Fractions - Converting Mixed Number and Improper Fractions
3_ 32_ 39_ 230,Maths - Number - Fractions - Adding and Subtracting Fractions
3_ 32_ 144_ 202,Maths - Number - Basic Arithmetic - Place Value
3_ 32_ 33_ 144,Maths - Number - BIDMAS - Basic Arithmetic
3_ 32_ 40_ 47,Maths - Number - Indices  Powers and Roots - Standard Form
3_ 32_ 42_ 212,Maths - Number - Negative Numbers - Multiplying and Dividing Negative Numbers
3_ 32_ 37_ 220,Maths - Number - Factors  Multiples and Primes - Multiples and Lowest Common Multiple
3_ 32_ 144_ 204,Maths - Number - Basic Arithmetic - Mental Multiplication and Division
3_ 49_ 60_ 156,Maths - Algebra - Rearranging Formula and Equations - Formula
3_ 71_ 87_ 176,Maths - Geometry and Measure - Plans and Elevations - 3D Shapes
3_ 49_ 64_ 154,Maths - Algebra - Linear Equations - Solving Equations
3_ 71_ 178_ 179,Maths - Geometry and Measure - Perimeter and Area - Compound Area
3_ 32_ 38_ 238,Maths - Number - Fractions  Decimals and Percentage Equivalence - Converting between Fractions and Percentages
3_ 32_ 38_ 237_ 239,Maths - Number - Fractions  Decimals and Percentage Equivalence - Converting between Fractions and Decimals - Converting between Decimals and Percentages
3_ 49_ 59_ 165,Maths - Algebra - Inequalities - Inequalities on Number Lines
3_ 49_ 55_ 266,Maths - Algebra - Quadratic Graphs - Sketching from Factorised Form
3_ 101_ 348_ 349,Maths - Data and Statistics - Probability - Combined Events
3_ 32_ 40_ 247,Maths - Number - Indices  Powers and Roots - Laws of Indices
3_ 49_ 55_ 268,Maths - Algebra - Quadratic Graphs - Graphical Solution of Quadratic Equations
3_ 71_ 86_ 178,Maths - Geometry and Measure - Perimeter - Perimeter and Area
3_ 71_ 93_ 278,Maths - Geometry and Measure - Rotation - Transformations
3_ 32_ 45_ 243,Maths - Number - Proportion - Direct Proportion
3_ 71_ 74_ 182,Maths - Geometry and Measure - Angles - Angle Facts with Parallel Lines
3_ 32_ 38_ 238_ 239,Maths - Number - Fractions  Decimals and Percentage Equivalence - Converting between Fractions and Percentages - Converting between Decimals and Percentages
3_ 32_ 37_ 219,Maths - Number - Factors  Multiples and Primes - Factors and Highest Common Factor
3_ 32_ 39_ 227,Maths - Number - Fractions - Simplifying Fractions
3_ 101_ 102_ 338,Maths - Data and Statistics - Averages (mean  median  mode) from a List of Data - Data Processing
3_ 32_ 46_ 241,Maths - Number - Ratio - Sharing in a Ratio
3_ 49_ 54_ 260,Maths - Algebra - Straight Line Graphs - Finding the Gradient and Intercept of a Line from the Equation
3_ 71_ 79_ 269,Maths - Geometry and Measure - Compound Measures - Speed  Distance  Time
3_ 32_ 46_ 240,Maths - Number - Ratio - Simplifying and Equivalent Ratios
3_ 71_ 88_ 174,Maths - Geometry and Measure - Properties of Quadrilaterals - 2D Names and Properties of Shapes
3_ 49_ 81_ 410,Maths - Algebra - Co-ordinates - Distance Between Two Co-ordinates
3_ 32_ 38_ 237_ 238,Maths - Number - Fractions  Decimals and Percentage Equivalence - Converting between Fractions and Decimals - Converting between Fractions and Percentages
3_ 32_ 39_ 226,Maths - Number - Fractions - Equivalent Fractions
3_ 71_ 94_ 278,Maths - Geometry and Measure - Enlargement - Transformations
3_ 32_ 144_ 203_ 204,Maths - Number - Basic Arithmetic - Mental Addition and Subtraction - Mental Multiplication and Division
3_ 49_ 54_ 260_ 262,Maths - Algebra - Straight Line Graphs - Finding the Gradient and Intercept of a Line from the Equation - Parallel Lines
3_ 71_ 98_ 197,Maths - Geometry and Measure - Units of Measurement - Volume and Capacity Units
3_ 32_ 38_ 239,Maths - Number - Fractions  Decimals and Percentage Equivalence - Converting between Decimals and Percentages
3_ 71_ 95_ 278,Maths - Geometry and Measure - Translation and Vectors - Transformations
3_ 49_ 54_ 64_ 154_ 264,Maths - Algebra - Straight Line Graphs - Linear Equations - Solving Equations - Graphical Solution of Simultaneous Equations
3_ 71_ 97_ 279,Maths - Geometry and Measure - Basic Trigonometry - Right-angled Triangles (SOHCAHTOA)
3_ 101_ 110_ 348,Maths - Data and Statistics - Experimental Probability and Relative Frequency - Probability
3_ 71_ 74_ 183,Maths - Geometry and Measure - Angles - Angles in Polygons
3_ 49_ 81_ 406,Maths - Algebra - Co-ordinates - Naming Co-ordinates in 2D
3_ 49_ 54_ 259,Maths - Algebra - Straight Line Graphs - Finding the Equation of a Line
3_ 49_ 61_ 172,Maths - Algebra - Sequences - Quadratic Sequences
3_ 49_ 53_ 153,Maths - Algebra - Factorising into a Double Bracket - Factorising
3_ 32_ 144_ 203,Maths - Number - Basic Arithmetic - Mental Addition and Subtraction
3_ 71_ 100_ 189,Maths - Geometry and Measure - Volume and Surface Area - Volume of Prisms
3_ 71_ 92_ 278,Maths - Geometry and Measure - Reflection - Transformations
3_ 49_ 54_ 258,Maths - Algebra - Straight Line Graphs - Horizontal and Vertical Lines
3_ 71_ 98_ 195,Maths - Geometry and Measure - Units of Measurement - Length Units
3_ 71_ 178_ 655,Maths - Geometry and Measure - Perimeter and Area - Missing Lengths
3_ 32_ 46_ 242,Maths - Number - Ratio - Find Missing Quantities
3_ 32_ 39_ 232,Maths - Number - Fractions - Dividing Fractions
3_ 71_ 98_ 209,Maths - Geometry and Measure - Units of Measurement - Time
3_ 101_ 106_ 342,Maths - Data and Statistics - Block Graphs and Bar Charts - Data Representation
3_ 32_ 41_ 331,Maths - Number - Basic Money - Money
3_ 71_ 98_ 196,Maths - Geometry and Measure - Units of Measurement - Area Units
3_ 32_ 144_ 205,Maths - Number - Basic Arithmetic - Written Addition
3_ 32_ 37_ 219_ 220,Maths - Number - Factors  Multiples and Primes - Factors and Highest Common Factor - Multiples and Lowest Common Multiple
3_ 32_ 144_ 208,Maths - Number - Basic Arithmetic - Written Division
3_ 71_ 98_ 198,Maths - Geometry and Measure - Units of Measurement - Weight Units
3_ 32_ 144_ 205_ 206,Maths - Number - Basic Arithmetic - Written Addition - Written Subtraction
3_ 32_ 141_ 213,Maths - Number - Rounding and Estimating - Rounding to the Nearest Whole (10  100  etc)
3_ 32_ 144_ 206,Maths - Number - Basic Arithmetic - Written Subtraction
3_ 32_ 36_ 223,Maths - Number - Decimals - Adding and Subtracting with Decimals
3_ 32_ 37_ 219_ 221,Maths - Number - Factors  Multiples and Primes - Factors and Highest Common Factor - Prime Numbers and Prime Factors
3_ 32_ 46_ 334,Maths - Number - Ratio - Writing Ratios
3_ 32_ 141_ 144_ 202_ 213,Maths - Number - Rounding and Estimating - Basic Arithmetic - Place Value - Rounding to the Nearest Whole (10  100  etc)
3_ 32_ 42_ 210_ 211_ 212,Maths - Number - Negative Numbers - Ordering Negative Numbers - Adding and Subtracting Negative Numbers - Multiplying and Dividing Negative Numbers
3_ 32_ 36_ 141_ 215_ 224,Maths - Number - Decimals - Rounding and Estimating - Rounding to Significant Figures - Multiplying and Dividing with Decimals
3_ 32_ 144_ 202_ 204,Maths - Number - Basic Arithmetic - Place Value - Mental Multiplication and Division
3_ 32_ 33_ 144_ 204,Maths - Number - BIDMAS - Basic Arithmetic - Mental Multiplication and Division
3_ 32_ 48_ 248_ 249,Maths - Number - Surds - Simplifying Surds - Operations with Surds
3_ 32_ 37_ 220_ 221,Maths - Number - Factors  Multiples and Primes - Multiples and Lowest Common Multiple - Prime Numbers and Prime Factors
3_ 32_ 36_ 141_ 213_ 214_ 215_ 222,Maths - Number - Decimals - Rounding and Estimating - Rounding to the Nearest Whole (10  100  etc) - Rounding to Decimal Places - Rounding to Significant Figures - Ordering Decimals
3_ 71_ 99_ 283_ 284,Maths - Geometry and Measure - Basic Vectors - Add and Subtract Vectors - Vector Geometry
3_ 32_ 36_ 222_ 224,Maths - Number - Decimals - Ordering Decimals - Multiplying and Dividing with Decimals
3_ 32_ 33_ 40_ 144_ 245,Maths - Number - BIDMAS - Indices  Powers and Roots - Basic Arithmetic - Squares  Cubes  etc
3_ 32_ 141_ 144_ 202_ 213_ 216,Maths - Number - Rounding and Estimating - Basic Arithmetic - Place Value - Rounding to the Nearest Whole (10  100  etc) - Estimation
3_ 71_ 99_ 284,Maths - Geometry and Measure - Basic Vectors - Vector Geometry
3_ 49_ 152_ 335,Maths - Algebra - Expanding Brackets - Expanding Triple Brackets and more
3_ 49_ 255_ 1077,Maths - Algebra - Algebraic Fractions - Simplifying Algebraic Fractions
3_ 71_ 272_ 273,Maths - Geometry and Measure - Similarity and Congruency - Length  Area and Volume Scale Factors
3_ 32_ 48_ 248,Maths - Number - Surds - Simplifying Surds
3_ 49_ 54_ 264,Maths - Algebra - Straight Line Graphs - Graphical Solution of Simultaneous Equations
3_ 71_ 80_ 272,Maths - Geometry and Measure - Congruency in Triangles - Similarity and Congruency
3_ 49_ 54_ 263,Maths - Algebra - Straight Line Graphs - Perpendicular Lines
3_ 32_ 144_ 1636,Maths - Number - Basic Arithmetic - Systematic Listing Strategies
3_ 49_ 55_ 267,Maths - Algebra - Quadratic Graphs - Sketching from Completing the Square Form
3_ 101_ 107_ 342,Maths - Data and Statistics - Histogram - Data Representation
3_ 49_ 63_ 154,Maths - Algebra - Simultaneous Equations - Solving Equations
3_ 49_ 158_ 159,Maths - Algebra - Other Graphs - Equation of a Circle
3_ 49_ 62_ 1081,Maths - Algebra - Writing and Simplifying Expressions - Algebraic Proof
3_ 49_ 62_ 252,Maths - Algebra - Writing and Simplifying Expressions - Multiplying Terms
3_ 49_ 57_ 158,Maths - Algebra - Cubics and Reciprocals - Other Graphs
3_ 101_ 348_ 353,Maths - Data and Statistics - Probability - Probability with Venn Diagrams
3_ 49_ 158_ 1212,Maths - Algebra - Other Graphs - Other Graphs-Others
3_ 71_ 90_ 272,Maths - Geometry and Measure - Length Scale Factors in Similar Shapes - Similarity and Congruency
3_ 101_ 338_ 340,Maths - Data and Statistics - Data Processing - Averages and Range from Frequency Table
3_ 101_ 117_ 342,Maths - Data and Statistics - Time Series and Line Graphs - Data Representation
3_ 119_ 146_ 437,Maths - Advanced Pure - Functions - Composite Functions
3_ 71_ 97_ 281,Maths - Geometry and Measure - Basic Trigonometry - Area of Non Right-angled Triangles
3_ 49_ 158_ 160,Maths - Algebra - Other Graphs - Graphs of Exponentials and Other Powers of x
3_ 49_ 58_ 158,Maths - Algebra - Real Life Graphs - Other Graphs
3_ 49_ 81_ 409,Maths - Algebra - Co-ordinates - Gradient Between Two Co-ordinates
3_ 119_ 146_ 434,Maths - Advanced Pure - Functions - Function Notation
3_ 32_ 42_ 211_ 212,Maths - Number - Negative Numbers - Adding and Subtracting Negative Numbers - Multiplying and Dividing Negative Numbers
3_ 101_ 105_ 342,Maths - Data and Statistics - Cumulative Frequency Diagram - Data Representation
3_ 49_ 54_ 656,Maths - Algebra - Straight Line Graphs - Co-ordinate Geometry with Straight Lines
3_ 71_ 79_ 270,Maths - Geometry and Measure - Compound Measures - Density
3_ 101_ 342_ 1650,Maths - Data and Statistics - Data Representation - Frequency Trees
3_ 71_ 97_ 282,Maths - Geometry and Measure - Basic Trigonometry - Exact Values of Trigonometric Ratios
3_ 101_ 338_ 339,Maths - Data and Statistics - Data Processing - Range and Interquartile Range from a List of Data
3_ 71_ 74_ 78,Maths - Geometry and Measure - Angles - Circle Theorems
3_ 49_ 255_ 1078,Maths - Algebra - Algebraic Fractions - Adding and Subtracting Algebraic Fractions
3_ 71_ 74_ 76,Maths - Geometry and Measure - Angles - Bearings
3_ 49_ 156_ 157,Maths - Algebra - Formula - Writing Formula
3_ 71_ 97_ 280,Maths - Geometry and Measure - Basic Trigonometry - Non Right-angled Triangles (Sine and Cosine Rules)
3_ 71_ 100_ 188,Maths - Geometry and Measure - Volume and Surface Area - Surface Area of Prisms
3_ 49_ 68_ 1175,Maths - Algebra - Transformation of Functions - Transformation of Functions-Others
3_ 71_ 99_ 283,Maths - Geometry and Measure - Basic Vectors - Add and Subtract Vectors
3_ 32_ 45_ 244,Maths - Number - Proportion - Indirect (Inverse) Proportion
3_ 119_ 146_ 436,Maths - Advanced Pure - Functions - Inverse Functions
3_ 49_ 65_ 154,Maths - Algebra - Quadratic Equations - Solving Equations
3_ 49_ 153_ 254,Maths - Algebra - Factorising - Difference of Two Squares
3_ 49_ 59_ 168,Maths - Algebra - Inequalities - Solving Quadratic Inequalities
3_ 49_ 153_ 256,Maths - Algebra - Factorising - Completing the Square
3_ 71_ 176_ 177,Maths - Geometry and Measure - 3D Shapes - Names and Properties of 3D Shapes
3_ 101_ 113_ 336,Maths - Data and Statistics - Data Collection - Tally Charts
3_ 101_ 342_ 344_ 348_ 353,Maths - Data and Statistics - Data Representation - Venn Diagrams - Probability - Probability with Venn Diagrams
3_ 71_ 83_ 193,Maths - Geometry and Measure - Construction  Loci and Scale Drawing - Loci Scenarios
3_ 101_ 342_ 344,Maths - Data and Statistics - Data Representation - Venn Diagrams
3_ 101_ 118_ 342,Maths - Data and Statistics - Two Way Tables - Data Representation
3_ 71_ 80_ 272_ 274,Maths - Geometry and Measure - Congruency in Triangles - Similarity and Congruency - Congruency in Other Shapes
3_ 101_ 109_ 342,Maths - Data and Statistics - Pie Chart - Data Representation
3_ 101_ 116_ 342,Maths - Data and Statistics - Stem and Leaf Diagram - Data Representation
3_ 71_ 91_ 275,Maths - Geometry and Measure - Symmetry - Line Symmetry
3_ 71_ 74_ 180,Maths - Geometry and Measure - Angles - Measuring Angles
3_ 71_ 83_ 191,Maths - Geometry and Measure - Construction  Loci and Scale Drawing - Construct Triangle
3_ 32_ 46_ 1647,Maths - Number - Ratio - Scale Drawing and Maps
3_ 71_ 90_ 94_ 272_ 278,Maths - Geometry and Measure - Length Scale Factors in Similar Shapes - Enlargement - Similarity and Congruency - Transformations
3_ 71_ 74_ 80_ 272_ 439,Maths - Geometry and Measure - Angles - Congruency in Triangles - Similarity and Congruency - Angles in Triangles
3_ 71_ 91_ 276,Maths - Geometry and Measure - Symmetry - Rotational Symmetry
3_ 71_ 83_ 192,Maths - Geometry and Measure - Construction  Loci and Scale Drawing - Construct Angle and Line Bisectors
3_ 32_ 35_ 217,Maths - Number - Calculator Use - Basic Calculator Use
3_ 71_ 73_ 74,Maths - Geometry and Measure - Types  Naming and Estimating - Angles
3_ 71_ 84_ 174,Maths - Geometry and Measure - Properties of Polygons - 2D Names and Properties of Shapes
3_ 71_ 174_ 175,Maths - Geometry and Measure - 2D Names and Properties of Shapes - Properties of Triangles
3_ 71_ 100_ 1648,Maths - Geometry and Measure - Volume and Surface Area - Surface Area of Non-Prisms
3_ 71_ 74_ 90_ 182_ 272,Maths - Geometry and Measure - Angles - Length Scale Factors in Similar Shapes - Angle Facts with Parallel Lines - Similarity and Congruency
3_ 32_ 35_ 218,Maths - Number - Calculator Use - Advanced Calculator Use
3_ 71_ 100_ 1649,Maths - Geometry and Measure - Volume and Surface Area - Volume of Non-Prisms
3_ 71_ 98_ 1184,Maths - Geometry and Measure - Units of Measurement - Units of Measurement-Others
3_ 71_ 79_ 1750,Maths - Geometry and Measure - Compound Measures - Pressure
3_ 71_ 86_ 90_ 94_ 178_ 272_ 278,Maths - Geometry and Measure - Perimeter - Length Scale Factors in Similar Shapes - Enlargement - Perimeter and Area - Similarity and Congruency - Transformations
3_ 71_ 98_ 199,Maths - Geometry and Measure - Units of Measurement - Temperature units
3_ 49_ 55_ 65_ 154_ 268,Maths - Algebra - Quadratic Graphs - Quadratic Equations - Solving Equations - Graphical Solution of Quadratic Equations
3_ 49_ 54_ 158_ 159_ 263,Maths - Algebra - Straight Line Graphs - Other Graphs - Equation of a Circle - Perpendicular Lines
3_ 49_ 69_ 154,Maths - Algebra - Trial and Improvement and Iterative Methods - Solving Equations
3_ 49_ 54_ 158_ 159_ 264,Maths - Algebra - Straight Line Graphs - Other Graphs - Equation of a Circle - Graphical Solution of Simultaneous Equations
3_ 101_ 102_ 338_ 339,Maths - Data and Statistics - Averages (mean  median  mode) from a List of Data - Data Processing - Range and Interquartile Range from a List of Data
3_ 49_ 50_ 62_ 152_ 251,Maths - Algebra - Expanding Single Brackets - Writing and Simplifying Expressions - Expanding Brackets - Simplifying Expressions by Collecting Like Terms
3_ 71_ 272_ 274,Maths - Geometry and Measure - Similarity and Congruency - Congruency in Other Shapes
3_ 49_ 56_ 158,Maths - Algebra - Graphs of Trigonometric Functions - Other Graphs
3_ 71_ 176_ 657,Maths - Geometry and Measure - 3D Shapes - Isometric Drawings
3_ 32_ 44_ 236,Maths - Number - Percentages - Repeated Percentages and Compound Interest
3_ 49_ 57_ 68_ 158_ 163,Maths - Algebra - Cubics and Reciprocals - Transformation of Functions - Other Graphs - Transformations of functions in the form y =
3_ 32_ 141_ 215_ 216,Maths - Number - Rounding and Estimating - Rounding to Significant Figures - Estimation
3_ 49_ 154_ 649,Maths - Algebra - Solving Equations - Function Machines
3_ 101_ 338_ 341,Maths - Data and Statistics - Data Processing - Interpreting and Comparing Data using Averages and Range
3_ 49_ 62_ 64_ 70_ 154,Maths - Algebra - Writing and Simplifying Expressions - Linear Equations - Writing Expressions - Solving Equations
3_ 71_ 79_ 269_ 692_ 698_ 700_ 1642,Maths - Geometry and Measure - Compound Measures - Speed  Distance  Time - Physics - Forces and Motion - Speed and Distance-Time graphs - Science
3_ 32_ 49_ 58_ 158_ 331_ 332,Maths - Number - Algebra - Real Life Graphs - Other Graphs - Money - Currency Conversions
3_ 49_ 64_ 154_ 649,Maths - Algebra - Linear Equations - Solving Equations - Function Machines
3_ 32_ 46_ 71_ 83_ 98_ 195_ 1181_ 1647,Maths - Number - Ratio - Geometry and Measure - Construction  Loci and Scale Drawing - Units of Measurement - Length Units - Construction  Loci and Scale Drawing-Others - Scale Drawing and Maps
3_ 49_ 52_ 62_ 70_ 71_ 86_ 153_ 178,Maths - Algebra - Factorising into a Single Bracket - Writing and Simplifying Expressions - Writing Expressions - Geometry and Measure - Perimeter - Factorising - Perimeter and Area
3_ 71_ 75_ 86_ 178,Maths - Geometry and Measure - Area of Simple Shapes - Perimeter - Perimeter and Area
3_ 32_ 141_ 216,Maths - Number - Rounding and Estimating - Estimation
3_ 49_ 62_ 64_ 154_ 251,Maths - Algebra - Writing and Simplifying Expressions - Linear Equations - Solving Equations - Simplifying Expressions by Collecting Like Terms
3_ 49_ 62_ 70_ 251,Maths - Algebra - Writing and Simplifying Expressions - Writing Expressions - Simplifying Expressions by Collecting Like Terms
3_ 32_ 36_ 39_ 224_ 225_ 231_ 232,Maths - Number - Decimals - Fractions - Multiplying and Dividing with Decimals - Fractions of an Amount - Multiplying Fractions - Dividing Fractions
3_ 49_ 60_ 67_ 156,Maths - Algebra - Rearranging Formula and Equations - Substitution into Formula - Formula
3_ 32_ 33_ 49_ 67_ 144_ 156,Maths - Number - BIDMAS - Algebra - Substitution into Formula - Basic Arithmetic - Formula
3_ 32_ 38_ 1082,Maths - Number - Fractions  Decimals and Percentage Equivalence - Recurring Decimals to Fractions
3_ 49_ 64_ 67_ 71_ 154_ 156_ 174_ 175,Maths - Algebra - Linear Equations - Substitution into Formula - Geometry and Measure - Solving Equations - Formula - 2D Names and Properties of Shapes - Properties of Triangles
3_ 49_ 62_ 253_ 255_ 1077,Maths - Algebra - Writing and Simplifying Expressions - Dividing Terms - Algebraic Fractions - Simplifying Algebraic Fractions
3_ 32_ 141_ 144_ 204_ 213_ 216,Maths - Number - Rounding and Estimating - Basic Arithmetic - Mental Multiplication and Division - Rounding to the Nearest Whole (10  100  etc) - Estimation
3_ 32_ 48_ 250,Maths - Number - Surds - Rationalising the Denominator
3_ 32_ 48_ 249,Maths - Number - Surds - Operations with Surds
3_ 71_ 72_ 271,Maths - Geometry and Measure - 3D Pythagoras - Pythagoras
3_ 32_ 44_ 235,Maths - Number - Percentages - Reverse Percentages (Original Amount)
3_ 32_ 36_ 38_ 44_ 224_ 233_ 234_ 239,Maths - Number - Decimals - Fractions  Decimals and Percentage Equivalence - Percentages - Multiplying and Dividing with Decimals - Percentages of an Amount - Percentage Increase and Decrease - Converting between Decimals and Percentages
3_ 32_ 40_ 144_ 203_ 245,Maths - Number - Indices  Powers and Roots - Basic Arithmetic - Mental Addition and Subtraction - Squares  Cubes  etc
3_ 32_ 40_ 49_ 62_ 247_ 252_ 253,Maths - Number - Indices  Powers and Roots - Algebra - Writing and Simplifying Expressions - Laws of Indices - Multiplying Terms - Dividing Terms
3_ 32_ 39_ 42_ 212_ 227,Maths - Number - Fractions - Negative Numbers - Multiplying and Dividing Negative Numbers - Simplifying Fractions
3_ 32_ 48_ 249_ 250,Maths - Number - Surds - Operations with Surds - Rationalising the Denominator
3_ 32_ 46_ 1059,Maths - Number - Ratio - Best Value
3_ 32_ 42_ 144_ 203_ 211,Maths - Number - Negative Numbers - Basic Arithmetic - Mental Addition and Subtraction - Adding and Subtracting Negative Numbers
3_ 32_ 38_ 39_ 230_ 237,Maths - Number - Fractions  Decimals and Percentage Equivalence - Fractions - Adding and Subtracting Fractions - Converting between Fractions and Decimals
3_ 32_ 39_ 230_ 232,Maths - Number - Fractions - Adding and Subtracting Fractions - Dividing Fractions
3_ 49_ 54_ 71_ 92_ 257_ 278,Maths - Algebra - Straight Line Graphs - Geometry and Measure - Reflection - Plotting Lines from Tables of Values - Transformations
3_ 71_ 77_ 185_ 186,Maths - Geometry and Measure - Circles - Circumference - Area of a Circle
3_ 49_ 59_ 167,Maths - Algebra - Inequalities - Graphing Linear Inequalities (Shading Regions)
3_ 71_ 86_ 178_ 655,Maths - Geometry and Measure - Perimeter - Perimeter and Area - Missing Lengths
3_ 71_ 80_ 88_ 174_ 272,Maths - Geometry and Measure - Congruency in Triangles - Properties of Quadrilaterals - 2D Names and Properties of Shapes - Similarity and Congruency
3_ 49_ 54_ 263_ 656,Maths - Algebra - Straight Line Graphs - Perpendicular Lines - Co-ordinate Geometry with Straight Lines
3_ 71_ 86_ 174_ 175_ 178,Maths - Geometry and Measure - Perimeter - 2D Names and Properties of Shapes - Properties of Triangles - Perimeter and Area
3_ 49_ 255_ 1079,Maths - Algebra - Algebraic Fractions - Multiplying and Dividing Algebraic Fractions
3_ 71_ 77_ 185_ 187,Maths - Geometry and Measure - Circles - Circumference - Sectors of a Circle
3_ 32_ 34_ 141_ 214,Maths - Number - Upper and Lower Bounds - Rounding and Estimating - Rounding to Decimal Places
3_ 32_ 38_ 39_ 144_ 202_ 227_ 237,Maths - Number - Fractions  Decimals and Percentage Equivalence - Fractions - Basic Arithmetic - Place Value - Simplifying Fractions - Converting between Fractions and Decimals
3_ 71_ 72_ 100_ 271_ 1649,Maths - Geometry and Measure - 3D Pythagoras - Volume and Surface Area - Pythagoras - Volume of Non-Prisms
3_ 32_ 37_ 144_ 204_ 219_ 221,Maths - Number - Factors  Multiples and Primes - Basic Arithmetic - Mental Multiplication and Division - Factors and Highest Common Factor - Prime Numbers and Prime Factors
3_ 71_ 74_ 181_ 182,Maths - Geometry and Measure - Angles - Basic Angle Facts (straight line  opposite  around a point  etc) - Angle Facts with Parallel Lines
3_ 49_ 60_ 71_ 100_ 156_ 1649,Maths - Algebra - Rearranging Formula and Equations - Geometry and Measure - Volume and Surface Area - Formula - Volume of Non-Prisms
3_ 32_ 40_ 144_ 202_ 245,Maths - Number - Indices  Powers and Roots - Basic Arithmetic - Place Value - Squares  Cubes  etc
3_ 71_ 86_ 89_ 178_ 271,Maths - Geometry and Measure - Perimeter - 2D Pythagoras - Perimeter and Area - Pythagoras
3_ 32_ 48_ 248_ 249_ 250,Maths - Number - Surds - Simplifying Surds - Operations with Surds - Rationalising the Denominator
3_ 32_ 40_ 245_ 246_ 247,Maths - Number - Indices  Powers and Roots - Squares  Cubes  etc - Square Roots  Cube Roots  etc - Laws of Indices
3_ 101_ 102_ 106_ 338_ 342,Maths - Data and Statistics - Averages (mean  median  mode) from a List of Data - Block Graphs and Bar Charts - Data Processing - Data Representation
3_ 32_ 36_ 38_ 39_ 223_ 230_ 237,Maths - Number - Decimals - Fractions  Decimals and Percentage Equivalence - Fractions - Adding and Subtracting with Decimals - Adding and Subtracting Fractions - Converting between Fractions and Decimals
3_ 71_ 96_ 278,Maths - Geometry and Measure - Combined Transformations - Transformations
3_ 32_ 46_ 49_ 81_ 241_ 408,Maths - Number - Ratio - Algebra - Co-ordinates - Sharing in a Ratio - Midpoint Between Two Co-ordinates
3_ 49_ 54_ 63_ 154_ 264,Maths - Algebra - Straight Line Graphs - Simultaneous Equations - Solving Equations - Graphical Solution of Simultaneous Equations
3_ 32_ 39_ 230_ 231,Maths - Number - Fractions - Adding and Subtracting Fractions - Multiplying Fractions
3_ 32_ 36_ 39_ 44_ 49_ 59_ 165_ 222_ 230_ 233,Maths - Number - Decimals - Fractions - Percentages - Algebra - Inequalities - Inequalities on Number Lines - Ordering Decimals - Adding and Subtracting Fractions - Percentages of an Amount
3_ 71_ 95_ 99_ 278_ 1185,Maths - Geometry and Measure - Translation and Vectors - Basic Vectors - Transformations - Basic Vectors-Others
3_ 49_ 55_ 68_ 163_ 266,Maths - Algebra - Quadratic Graphs - Transformation of Functions - Transformations of functions in the form y = - Sketching from Factorised Form
3_ 32_ 49_ 59_ 144_ 165_ 203_ 204,Maths - Number - Algebra - Inequalities - Basic Arithmetic - Inequalities on Number Lines - Mental Addition and Subtraction - Mental Multiplication and Division
3_ 32_ 46_ 71_ 83_ 272_ 273_ 1181_ 1647,Maths - Number - Ratio - Geometry and Measure - Construction  Loci and Scale Drawing - Similarity and Congruency - Length  Area and Volume Scale Factors - Construction  Loci and Scale Drawing-Others - Scale Drawing and Maps
3_ 32_ 38_ 39_ 228_ 237,Maths - Number - Fractions  Decimals and Percentage Equivalence - Fractions - Ordering Fractions - Converting between Fractions and Decimals
3_ 32_ 39_ 101_ 111_ 230_ 348,Maths - Number - Fractions - Data and Statistics - Probability of Single Events - Adding and Subtracting Fractions - Probability
3_ 32_ 38_ 42_ 210_ 237,Maths - Number - Fractions  Decimals and Percentage Equivalence - Negative Numbers - Ordering Negative Numbers - Converting between Fractions and Decimals
3_ 32_ 45_ 71_ 98_ 195_ 243,Maths - Number - Proportion - Geometry and Measure - Units of Measurement - Length Units - Direct Proportion
3_ 32_ 46_ 71_ 83_ 90_ 272_ 1181_ 1647,Maths - Number - Ratio - Geometry and Measure - Construction  Loci and Scale Drawing - Length Scale Factors in Similar Shapes - Similarity and Congruency - Construction  Loci and Scale Drawing-Others - Scale Drawing and Maps
3_ 32_ 38_ 44_ 233_ 238,Maths - Number - Fractions  Decimals and Percentage Equivalence - Percentages - Percentages of an Amount - Converting between Fractions and Percentages
3_ 49_ 64_ 71_ 74_ 154_ 182,Maths - Algebra - Linear Equations - Geometry and Measure - Angles - Solving Equations - Angle Facts with Parallel Lines
3_ 32_ 46_ 71_ 83_ 1181_ 1647,Maths - Number - Ratio - Geometry and Measure - Construction  Loci and Scale Drawing - Construction  Loci and Scale Drawing-Others - Scale Drawing and Maps
3_ 71_ 84_ 91_ 174_ 275,Maths - Geometry and Measure - Properties of Polygons - Symmetry - 2D Names and Properties of Shapes - Line Symmetry
3_ 71_ 84_ 88_ 174,Maths - Geometry and Measure - Properties of Polygons - Properties of Quadrilaterals - 2D Names and Properties of Shapes
3_ 32_ 39_ 45_ 71_ 98_ 197_ 225_ 243,Maths - Number - Fractions - Proportion - Geometry and Measure - Units of Measurement - Volume and Capacity Units - Fractions of an Amount - Direct Proportion
3_ 32_ 38_ 144_ 202_ 237,Maths - Number - Fractions  Decimals and Percentage Equivalence - Basic Arithmetic - Place Value - Converting between Fractions and Decimals
3_ 32_ 42_ 144_ 202_ 210,Maths - Number - Negative Numbers - Basic Arithmetic - Place Value - Ordering Negative Numbers
3_ 71_ 272_ 1218,Maths - Geometry and Measure - Similarity and Congruency - Similarity and Congruency-Others
3_ 49_ 58_ 71_ 79_ 158_ 269,Maths - Algebra - Real Life Graphs - Geometry and Measure - Compound Measures - Other Graphs - Speed  Distance  Time
3_ 49_ 61_ 171_ 173,Maths - Algebra - Sequences - Linear Sequences (nth term) - Other Sequences
3_ 71_ 84_ 91_ 174_ 276,Maths - Geometry and Measure - Properties of Polygons - Symmetry - 2D Names and Properties of Shapes - Rotational Symmetry
3_ 32_ 36_ 42_ 210_ 222,Maths - Number - Decimals - Negative Numbers - Ordering Negative Numbers - Ordering Decimals
3_ 32_ 39_ 144_ 202_ 227,Maths - Number - Fractions - Basic Arithmetic - Place Value - Simplifying Fractions
3_ 71_ 79_ 98_ 195_ 269,Maths - Geometry and Measure - Compound Measures - Units of Measurement - Length Units - Speed  Distance  Time
3_ 49_ 55_ 68_ 163_ 1171,Maths - Algebra - Quadratic Graphs - Transformation of Functions - Transformations of functions in the form y = - Quadratic Graphs-Others
3_ 71_ 74_ 181_ 183,Maths - Geometry and Measure - Angles - Basic Angle Facts (straight line  opposite  around a point  etc) - Angles in Polygons
3_ 49_ 54_ 262,Maths - Algebra - Straight Line Graphs - Parallel Lines
3_ 71_ 89_ 97_ 271_ 279,Maths - Geometry and Measure - 2D Pythagoras - Basic Trigonometry - Pythagoras - Right-angled Triangles (SOHCAHTOA)
3_ 32_ 40_ 49_ 62_ 247_ 251,Maths - Number - Indices  Powers and Roots - Algebra - Writing and Simplifying Expressions - Laws of Indices - Simplifying Expressions by Collecting Like Terms
3_ 49_ 62_ 70_ 251_ 253,Maths - Algebra - Writing and Simplifying Expressions - Writing Expressions - Simplifying Expressions by Collecting Like Terms - Dividing Terms
3_ 32_ 40_ 49_ 62_ 70_ 247_ 251,Maths - Number - Indices  Powers and Roots - Algebra - Writing and Simplifying Expressions - Writing Expressions - Laws of Indices - Simplifying Expressions by Collecting Like Terms
3_ 32_ 45_ 46_ 243_ 1647,Maths - Number - Proportion - Ratio - Direct Proportion - Scale Drawing and Maps
3_ 32_ 38_ 39_ 42_ 210_ 226_ 239,Maths - Number - Fractions  Decimals and Percentage Equivalence - Fractions - Negative Numbers - Ordering Negative Numbers - Equivalent Fractions - Converting between Decimals and Percentages
3_ 32_ 40_ 49_ 62_ 247_ 251_ 252,Maths - Number - Indices  Powers and Roots - Algebra - Writing and Simplifying Expressions - Laws of Indices - Simplifying Expressions by Collecting Like Terms - Multiplying Terms
3_ 32_ 141_ 214_ 215,Maths - Number - Rounding and Estimating - Rounding to Decimal Places - Rounding to Significant Figures
3_ 32_ 144_ 1676,Maths - Number - Basic Arithmetic - Roman Numerals
3_ 101_ 114_ 338,Maths - Data and Statistics - Sampling and Bias - Data Processing
3_ 101_ 342_ 343,Maths - Data and Statistics - Data Representation - Frequency Diagram and Frequency Polygon
3_ 101_ 105_ 107_ 109_ 116_ 342,Maths - Data and Statistics - Cumulative Frequency Diagram - Histogram - Pie Chart - Stem and Leaf Diagram - Data Representation
3_ 101_ 106_ 338_ 340_ 342,Maths - Data and Statistics - Block Graphs and Bar Charts - Data Processing - Averages and Range from Frequency Table - Data Representation
3_ 71_ 91_ 277,Maths - Geometry and Measure - Symmetry - 3D Plane Symmetry
3_ 32_ 46_ 71_ 98_ 198_ 240,Maths - Number - Ratio - Geometry and Measure - Units of Measurement - Weight Units - Simplifying and Equivalent Ratios
3_ 71_ 98_ 100_ 189_ 195,Maths - Geometry and Measure - Units of Measurement - Volume and Surface Area - Volume of Prisms - Length Units
3_ 32_ 46_ 71_ 75_ 178_ 240,Maths - Number - Ratio - Geometry and Measure - Area of Simple Shapes - Perimeter and Area - Simplifying and Equivalent Ratios
3_ 101_ 102_ 116_ 338_ 342,Maths - Data and Statistics - Averages (mean  median  mode) from a List of Data - Stem and Leaf Diagram - Data Processing - Data Representation
3_ 49_ 54_ 55_ 258_ 266,Maths - Algebra - Straight Line Graphs - Quadratic Graphs - Horizontal and Vertical Lines - Sketching from Factorised Form
3_ 71_ 95_ 99_ 278_ 284,Maths - Geometry and Measure - Translation and Vectors - Basic Vectors - Transformations - Vector Geometry
3_ 49_ 56_ 68_ 158_ 164,Maths - Algebra - Graphs of Trigonometric Functions - Transformation of Functions - Other Graphs - Transformations of functions in the form f(x)
3_ 49_ 56_ 68_ 158_ 163,Maths - Algebra - Graphs of Trigonometric Functions - Transformation of Functions - Other Graphs - Transformations of functions in the form y =
3_ 49_ 255_ 1080,Maths - Algebra - Algebraic Fractions - Solving Equations with Algebraic Fractions
3_ 71_ 100_ 189_ 1649,Maths - Geometry and Measure - Volume and Surface Area - Volume of Prisms - Volume of Non-Prisms
3_ 49_ 71_ 81_ 89_ 271_ 410,Maths - Algebra - Geometry and Measure - Co-ordinates - 2D Pythagoras - Pythagoras - Distance Between Two Co-ordinates
3_ 71_ 95_ 99_ 278_ 283,Maths - Geometry and Measure - Translation and Vectors - Basic Vectors - Transformations - Add and Subtract Vectors
3_ 71_ 98_ 195_ 198_ 209,Maths - Geometry and Measure - Units of Measurement - Length Units - Weight Units - Time
3_ 32_ 39_ 225_ 227,Maths - Number - Fractions - Fractions of an Amount - Simplifying Fractions
3_ 71_ 75_ 77_ 178_ 186,Maths - Geometry and Measure - Area of Simple Shapes - Circles - Perimeter and Area - Area of a Circle
3_ 71_ 79_ 98_ 199_ 1179,Maths - Geometry and Measure - Compound Measures - Units of Measurement - Temperature units - Compound Measures-Others
3_ 49_ 53_ 153_ 255_ 1077,Maths - Algebra - Factorising into a Double Bracket - Factorising - Algebraic Fractions - Simplifying Algebraic Fractions
3_ 71_ 79_ 98_ 270_ 1184_ 1750,Maths - Geometry and Measure - Compound Measures - Units of Measurement - Density - Units of Measurement-Others - Pressure
3_ 49_ 68_ 163,Maths - Algebra - Transformation of Functions - Transformations of functions in the form y =
3_ 71_ 90_ 272_ 273,Maths - Geometry and Measure - Length Scale Factors in Similar Shapes - Similarity and Congruency - Length  Area and Volume Scale Factors
3_ 71_ 100_ 176_ 188_ 657,Maths - Geometry and Measure - Volume and Surface Area - 3D Shapes - Surface Area of Prisms - Isometric Drawings
3_ 101_ 104_ 338_ 339_ 342,Maths - Data and Statistics - Box Plots - Data Processing - Range and Interquartile Range from a List of Data - Data Representation
3_ 32_ 44_ 71_ 98_ 209_ 233,Maths - Number - Percentages - Geometry and Measure - Units of Measurement - Time - Percentages of an Amount
3_ 71_ 92_ 93_ 94_ 95_ 278,Maths - Geometry and Measure - Reflection - Rotation - Enlargement - Translation and Vectors - Transformations
3_ 49_ 50_ 67_ 152_ 156,Maths - Algebra - Expanding Single Brackets - Substitution into Formula - Expanding Brackets - Formula
3_ 101_ 112_ 348_ 349,Maths - Data and Statistics - Tree Diagrams with Dependent Events - Probability - Combined Events
3_ 32_ 71_ 98_ 144_ 198_ 202,Maths - Number - Geometry and Measure - Units of Measurement - Basic Arithmetic - Weight Units - Place Value
3_ 71_ 87_ 100_ 176_ 189,Maths - Geometry and Measure - Plans and Elevations - Volume and Surface Area - 3D Shapes - Volume of Prisms
3_ 32_ 45_ 71_ 98_ 198_ 243,Maths - Number - Proportion - Geometry and Measure - Units of Measurement - Weight Units - Direct Proportion
3_ 49_ 62_ 70_ 156_ 157,Maths - Algebra - Writing and Simplifying Expressions - Writing Expressions - Formula - Writing Formula
3_ 49_ 54_ 261,Maths - Algebra - Straight Line Graphs - Gradient as change in y over change in x
3_ 49_ 54_ 259_ 261,Maths - Algebra - Straight Line Graphs - Finding the Equation of a Line - Gradient as change in y over change in x
3_ 32_ 36_ 42_ 49_ 59_ 165_ 210_ 222,Maths - Number - Decimals - Negative Numbers - Algebra - Inequalities - Inequalities on Number Lines - Ordering Negative Numbers - Ordering Decimals
3_ 71_ 97_ 1651,Maths - Geometry and Measure - Basic Trigonometry - 3D Trigonometry
3_ 101_ 111_ 348_ 349,Maths - Data and Statistics - Probability of Single Events - Probability - Combined Events
3_ 49_ 54_ 262_ 263,Maths - Algebra - Straight Line Graphs - Parallel Lines - Perpendicular Lines
3_ 49_ 68_ 164,Maths - Algebra - Transformation of Functions - Transformations of functions in the form f(x)
3_ 32_ 144_ 200,Maths - Number - Basic Arithmetic - Counting
3_ 32_ 39_ 231_ 232,Maths - Number - Fractions - Multiplying Fractions - Dividing Fractions
3_ 71_ 100_ 1186,Maths - Geometry and Measure - Volume and Surface Area - Volume and Surface Area-Others
3_ 71_ 100_ 188_ 1186,Maths - Geometry and Measure - Volume and Surface Area - Surface Area of Prisms - Volume and Surface Area-Others
3_ 49_ 71_ 158_ 159_ 272_ 273,Maths - Algebra - Geometry and Measure - Other Graphs - Equation of a Circle - Similarity and Congruency - Length  Area and Volume Scale Factors
3_ 32_ 45_ 243_ 244,Maths - Number - Proportion - Direct Proportion - Indirect (Inverse) Proportion
3_ 49_ 54_ 81_ 261_ 409,Maths - Algebra - Straight Line Graphs - Co-ordinates - Gradient as change in y over change in x - Gradient Between Two Co-ordinates
3_ 32_ 40_ 47_ 101_ 102_ 338,Maths - Number - Indices  Powers and Roots - Standard Form - Data and Statistics - Averages (mean  median  mode) from a List of Data - Data Processing
3_ 71_ 100_ 176_ 657_ 1648,Maths - Geometry and Measure - Volume and Surface Area - 3D Shapes - Isometric Drawings - Surface Area of Non-Prisms
3_ 71_ 174_ 1213,Maths - Geometry and Measure - 2D Names and Properties of Shapes - 2D Names and Properties of Shapes-Others
3_ 32_ 41_ 44_ 234_ 331,Maths - Number - Basic Money - Percentages - Percentage Increase and Decrease - Money
3_ 32_ 101_ 144_ 348_ 349_ 1636,Maths - Number - Data and Statistics - Basic Arithmetic - Probability - Combined Events - Systematic Listing Strategies
3_ 49_ 71_ 81_ 88_ 174_ 406,Maths - Algebra - Geometry and Measure - Co-ordinates - Properties of Quadrilaterals - 2D Names and Properties of Shapes - Naming Co-ordinates in 2D
3_ 32_ 41_ 44_ 233_ 331,Maths - Number - Basic Money - Percentages - Percentages of an Amount - Money
3_ 32_ 44_ 71_ 98_ 195_ 233,Maths - Number - Percentages - Geometry and Measure - Units of Measurement - Length Units - Percentages of an Amount
3_ 32_ 41_ 44_ 236_ 331,Maths - Number - Basic Money - Percentages - Repeated Percentages and Compound Interest - Money
3_ 71_ 74_ 174_ 175_ 439,Maths - Geometry and Measure - Angles - 2D Names and Properties of Shapes - Properties of Triangles - Angles in Triangles
3_ 32_ 36_ 38_ 44_ 224_ 234_ 239,Maths - Number - Decimals - Fractions  Decimals and Percentage Equivalence - Percentages - Multiplying and Dividing with Decimals - Percentage Increase and Decrease - Converting between Decimals and Percentages
3_ 71_ 100_ 178_ 179_ 189,Maths - Geometry and Measure - Volume and Surface Area - Perimeter and Area - Compound Area - Volume of Prisms
3_ 49_ 54_ 58_ 158_ 261,Maths - Algebra - Straight Line Graphs - Real Life Graphs - Other Graphs - Gradient as change in y over change in x
3_ 49_ 67_ 71_ 75_ 156_ 178,Maths - Algebra - Substitution into Formula - Geometry and Measure - Area of Simple Shapes - Formula - Perimeter and Area
3_ 32_ 45_ 49_ 58_ 158_ 244,Maths - Number - Proportion - Algebra - Real Life Graphs - Other Graphs - Indirect (Inverse) Proportion
3_ 71_ 176_ 1214,Maths - Geometry and Measure - 3D Shapes - 3D Shapes-Others
3_ 32_ 49_ 69_ 141_ 154_ 215,Maths - Number - Algebra - Trial and Improvement and Iterative Methods - Rounding and Estimating - Solving Equations - Rounding to Significant Figures
3_ 49_ 66_ 154,Maths - Algebra - Solving Other Powers of x - Solving Equations
3_ 49_ 62_ 64_ 70_ 154_ 251_ 252,Maths - Algebra - Writing and Simplifying Expressions - Linear Equations - Writing Expressions - Solving Equations - Simplifying Expressions by Collecting Like Terms - Multiplying Terms
3_ 32_ 46_ 240_ 334,Maths - Number - Ratio - Simplifying and Equivalent Ratios - Writing Ratios
3_ 32_ 71_ 75_ 141_ 178_ 215,Maths - Number - Geometry and Measure - Area of Simple Shapes - Rounding and Estimating - Perimeter and Area - Rounding to Significant Figures
3_ 71_ 86_ 98_ 178_ 195,Maths - Geometry and Measure - Perimeter - Units of Measurement - Perimeter and Area - Length Units
3_ 71_ 91_ 1182,Maths - Geometry and Measure - Symmetry - Symmetry-Others
3_ 71_ 74_ 88_ 174_ 183,Maths - Geometry and Measure - Angles - Properties of Quadrilaterals - 2D Names and Properties of Shapes - Angles in Polygons
3_ 32_ 71_ 98_ 144_ 199_ 202,Maths - Number - Geometry and Measure - Units of Measurement - Basic Arithmetic - Temperature units - Place Value
3_ 32_ 36_ 39_ 144_ 203_ 204_ 222_ 228,Maths - Number - Decimals - Fractions - Basic Arithmetic - Mental Addition and Subtraction - Mental Multiplication and Division - Ordering Decimals - Ordering Fractions
3_ 71_ 92_ 95_ 278,Maths - Geometry and Measure - Reflection - Translation and Vectors - Transformations
3_ 49_ 50_ 64_ 152_ 154,Maths - Algebra - Expanding Single Brackets - Linear Equations - Expanding Brackets - Solving Equations
3_ 32_ 33_ 49_ 62_ 64_ 70_ 144_ 154,Maths - Number - BIDMAS - Algebra - Writing and Simplifying Expressions - Linear Equations - Writing Expressions - Basic Arithmetic - Solving Equations
3_ 49_ 64_ 71_ 75_ 88_ 154_ 174_ 178,Maths - Algebra - Linear Equations - Geometry and Measure - Area of Simple Shapes - Properties of Quadrilaterals - Solving Equations - 2D Names and Properties of Shapes - Perimeter and Area
3_ 49_ 54_ 260_ 263,Maths - Algebra - Straight Line Graphs - Finding the Gradient and Intercept of a Line from the Equation - Perpendicular Lines
3_ 32_ 33_ 39_ 144_ 230_ 231,Maths - Number - BIDMAS - Fractions - Basic Arithmetic - Adding and Subtracting Fractions - Multiplying Fractions
3_ 49_ 65_ 67_ 154_ 156,Maths - Algebra - Quadratic Equations - Substitution into Formula - Solving Equations - Formula
3_ 32_ 39_ 230_ 231_ 232,Maths - Number - Fractions - Adding and Subtracting Fractions - Multiplying Fractions - Dividing Fractions
3_ 49_ 81_ 1180,Maths - Algebra - Co-ordinates - Co-ordinates-Others
3_ 49_ 62_ 1174,Maths - Algebra - Writing and Simplifying Expressions - Writing and Simplifying Expressions-Others
3_ 32_ 36_ 144_ 202_ 224,Maths - Number - Decimals - Basic Arithmetic - Place Value - Multiplying and Dividing with Decimals
3_ 49_ 54_ 63_ 154_ 158_ 159_ 264,Maths - Algebra - Straight Line Graphs - Simultaneous Equations - Solving Equations - Other Graphs - Equation of a Circle - Graphical Solution of Simultaneous Equations
3_ 101_ 118_ 342_ 344,Maths - Data and Statistics - Two Way Tables - Data Representation - Venn Diagrams
3_ 32_ 40_ 47_ 101_ 338_ 341,Maths - Number - Indices  Powers and Roots - Standard Form - Data and Statistics - Data Processing - Interpreting and Comparing Data using Averages and Range
3_ 32_ 37_ 219_ 220_ 221,Maths - Number - Factors  Multiples and Primes - Factors and Highest Common Factor - Multiples and Lowest Common Multiple - Prime Numbers and Prime Factors
